{
  "metadata": {
    "version": 4.5,
    "type": "Object",
    "generator": "Object3D.toJSON"
  },
  "geometries": [],
  "materials": [],
  "object": {
    "uuid": "FCCA7F1C-C2C9-4A7E-A7A0-E1E7BCD72B7E",
    "type": "Scene",
    "name": "Building Design Alternative",
    "matrix": [
      1,
      0,
      0,
      0,
      0,
      1,
      0,
      0,
      0,
      0,
      1,
      0,
      0,
      0,
      0,
      1
    ],
    "children": []
  },
  "userData": {
    "WindowtoWallRatio": 0.4,
    "InsulationType": "Standard",
    "GlazingType": "Double, U-3.0",
    "HVACSystem": "Air-to-air heat pump",
    "BuildingOrientation": "North-South",
    "ShadingStrategy": "Minimal",
    "SurfaceFinishes": "Standard",
    "GWP": 18240.0,
    "Energy": 193528.95,
    "Acidification": 193.52895,
    "Eutrophication": 19.352895,
    "Smog": 1935.2895
  }
}