{
  "metadata": {
    "version": 4.5,
    "type": "Object",
    "generator": "Object3D.toJSON"
  },
  "geometries": [],
  "materials": [],
  "object": {
    "uuid": "FCCA7F1C-C2C9-4A7E-A7A0-E1E7BCD72B7E",
    "type": "Scene",
    "name": "Building Design Alternative",
    "matrix": [
      1,
      0,
      0,
      0,
      0,
      1,
      0,
      0,
      0,
      0,
      1,
      0,
      0,
      0,
      0,
      1
    ],
    "children": []
  },
  "userData": {
    "WindowtoWallRatio": "0.3",
    "InsulationType": "100mm walls, 150mm roof",
    "GlazingType": "Triple, U-1.5",
    "HVACSystem": "Air-to-air heat pump",
    "BuildingOrientation": "North-South",
    "ShadingStrategy": "Overhangs 1.0m",
    "SurfaceFinishes": "Reflective",
    "GWP": 15959.999999999998,
    "Energy": 171258.9,
    "Acidification": 171.25889999999998,
    "Eutrophication": 17.12589,
    "Smog": 1712.589
  }
}