{
  "metadata": {
    "version": 4.5,
    "type": "Object",
    "generator": "Object3D.toJSON"
  },
  "geometries": [],
  "materials": [],
  "object": {
    "uuid": "FCCA7F1C-C2C9-4A7E-A7A0-E1E7BCD72B7E",
    "type": "Scene",
    "name": "Building Design Alternative",
    "matrix": [
      1,
      0,
      0,
      0,
      0,
      1,
      0,
      0,
      0,
      0,
      1,
      0,
      0,
      0,
      0,
      1
    ],
    "children": []
  },
  "userData": {
    "WindowtoWallRatio": 0.25,
    "InsulationType": "75mm walls, 100mm roof",
    "GlazingType": "Double, Low-E, U-2.0",
    "HVACSystem": "Standard efficiency",
    "BuildingOrientation": "East-West",
    "ShadingStrategy": "Minimal",
    "SurfaceFinishes": "Standard",
    "GWP": 4845.0,
    "Energy": 51232.2375,
    "Acidification": 51.2322375,
    "Eutrophication": 5.12322375,
    "Smog": 512.322375
  }
}