{
  "metadata": {
    "version": 4.5,
    "type": "Object",
    "generator": "Object3D.toJSON"
  },
  "geometries": [],
  "materials": [],
  "object": {
    "uuid": "FCCA7F1C-C2C9-4A7E-A7A0-E1E7BCD72B7E",
    "type": "Scene",
    "name": "Building Design Alternative",
    "matrix": [
      1,
      0,
      0,
      0,
      0,
      1,
      0,
      0,
      0,
      0,
      1,
      0,
      0,
      0,
      0,
      1
    ],
    "children": []
  },
  "userData": {
    "WindowtoWallRatio": "0.25",
    "InsulationType": "Standard",
    "GlazingType": "Double with solar control",
    "HVACSystem": "Standard efficiency",
    "BuildingOrientation": "North-South",
    "ShadingStrategy": "Optimized",
    "SurfaceFinishes": "Standard",
    "GWP": 71820.0,
    "Energy": 754554.5700000001,
    "Acidification": 754.5545700000001,
    "Eutrophication": 75.45545700000001,
    "Smog": 7545.545700000001
  }
}