{
  "metadata": {
    "version": 4.5,
    "type": "Object",
    "generator": "Object3D.toJSON"
  },
  "geometries": [],
  "materials": [],
  "object": {
    "uuid": "FCCA7F1C-C2C9-4A7E-A7A0-E1E7BCD72B7E",
    "type": "Scene",
    "name": "Building Design Alternative",
    "matrix": [
      1,
      0,
      0,
      0,
      0,
      1,
      0,
      0,
      0,
      0,
      1,
      0,
      0,
      0,
      0,
      1
    ],
    "children": []
  },
  "userData": {
    "WindowtoWallRatio": 0.4,
    "InsulationType": "Standard",
    "GlazingType": "Double, U-3.0",
    "HVACSystem": "Standard efficiency",
    "BuildingOrientation": "45\u00b0 rotation",
    "ShadingStrategy": "Architectural self-shading",
    "SurfaceFinishes": "Reflective",
    "GWP": 20520.0,
    "Energy": 215799.0,
    "Acidification": 215.799,
    "Eutrophication": 21.5799,
    "Smog": 2157.99
  }
}