{
  "metadata": {
    "version": 4.5,
    "type": "Object",
    "generator": "Object3D.toJSON"
  },
  "geometries": [],
  "materials": [],
  "object": {
    "uuid": "FCCA7F1C-C2C9-4A7E-A7A0-E1E7BCD72B7E",
    "type": "Scene",
    "name": "Building Design Alternative",
    "matrix": [
      1,
      0,
      0,
      0,
      0,
      1,
      0,
      0,
      0,
      0,
      1,
      0,
      0,
      0,
      0,
      1
    ],
    "children": []
  },
  "userData": {
    "WindowtoWallRatio": 0.25,
    "InsulationType": "Standard",
    "GlazingType": "Double, U-3.0",
    "HVACSystem": "Standard efficiency",
    "BuildingOrientation": "North-South",
    "ShadingStrategy": "Architectural self-shading",
    "SurfaceFinishes": "Reflective",
    "GWP": 5130.0,
    "Energy": 53949.75,
    "Acidification": 53.94975,
    "Eutrophication": 5.3949750000000005,
    "Smog": 539.4975000000001
  }
}