{
  "metadata": {
    "version": 4.5,
    "type": "Object",
    "generator": "Object3D.toJSON"
  },
  "geometries": [],
  "materials": [],
  "object": {
    "uuid": "FCCA7F1C-C2C9-4A7E-A7A0-E1E7BCD72B7E",
    "type": "Scene",
    "name": "Building Design Alternative",
    "matrix": [
      1,
      0,
      0,
      0,
      0,
      1,
      0,
      0,
      0,
      0,
      1,
      0,
      0,
      0,
      0,
      1
    ],
    "children": []
  },
  "userData": {
    "WindowtoWallRatio": 0.35,
    "InsulationType": "Standard",
    "GlazingType": "Double, U-3.0",
    "HVACSystem": "Standard efficiency",
    "BuildingOrientation": "Optimized",
    "ShadingStrategy": "Passive design",
    "SurfaceFinishes": "Reflective",
    "GWP": 71820.0,
    "Energy": 755296.5,
    "Acidification": 755.2964999999999,
    "Eutrophication": 75.52964999999999,
    "Smog": 7552.964999999999
  }
}