{
  "metadata": {
    "version": 4.5,
    "type": "Object",
    "generator": "Object3D.toJSON"
  },
  "geometries": [],
  "materials": [],
  "object": {
    "uuid": "FCCA7F1C-C2C9-4A7E-A7A0-E1E7BCD72B7E",
    "type": "Scene",
    "name": "Building Design Alternative",
    "matrix": [
      1,
      0,
      0,
      0,
      0,
      1,
      0,
      0,
      0,
      0,
      1,
      0,
      0,
      0,
      0,
      1
    ],
    "children": []
  },
  "userData": {
    "WindowtoWallRatio": "0.4",
    "InsulationType": "100mm walls, 150mm roof",
    "GlazingType": "Triple, U-1.5",
    "HVACSystem": "Standard efficiency",
    "BuildingOrientation": "North-South",
    "ShadingStrategy": "Minimal",
    "SurfaceFinishes": "Standard",
    "GWP": 19380.0,
    "Energy": 204928.95,
    "Acidification": 204.92895,
    "Eutrophication": 20.492895,
    "Smog": 2049.2895
  }
}