{
  "metadata": {
    "version": 4.5,
    "type": "Object",
    "generator": "Object3D.toJSON"
  },
  "geometries": [],
  "materials": [],
  "object": {
    "uuid": "FCCA7F1C-C2C9-4A7E-A7A0-E1E7BCD72B7E",
    "type": "Scene",
    "name": "Building Design Alternative",
    "matrix": [
      1,
      0,
      0,
      0,
      0,
      1,
      0,
      0,
      0,
      0,
      1,
      0,
      0,
      0,
      0,
      1
    ],
    "children": []
  },
  "userData": {
    "WindowtoWallRatio": "0.35",
    "InsulationType": "High performance",
    "GlazingType": "Triple, U-1.5",
    "HVACSystem": "Standard efficiency",
    "BuildingOrientation": "North-South",
    "ShadingStrategy": "Minimal",
    "SurfaceFinishes": "Standard",
    "GWP": 67830.0,
    "Energy": 717251.3250000001,
    "Acidification": 717.2513250000001,
    "Eutrophication": 71.7251325,
    "Smog": 7172.513250000001
  }
}